district_code,representative,representative_affiliation,state_affiliation,efficiency_gap,absolute_compactness,state_compactness,country_compactness,compactness_rank,redistricting_control,gerrymander_score,gerrymander_rank
AK-0,Don Young,Republican,1,D0.14298924717227238,1,1,0.3575832183908045,429,null,0,429
AL-1,Bradley Byrne,Republican,5,D0.32083791163053976,0.18239999999999998,0.2533571428571429,0.3575832183908045,48,RL,57,11
AL-2,Martha Roby,Republican,5,D0.32083791163053976,0.28809999999999997,0.2533571428571429,0.3575832183908045,168,RL,52,38
AL-3,Mike Rogers,Republican,5,D0.32083791163053976,0.3243,0.2533571428571429,0.3575832183908045,206,RL,50,56
AL-4,Robert B. Aderholt,Republican,5,D0.32083791163053976,0.2621,0.2533571428571429,0.3575832183908045,126,RL,53,32
AL-5,Mo Brooks,Republican,5,D0.32083791163053976,0.2962,0.2533571428571429,0.3575832183908045,180,RL,51,46
AL-6,Gary J. Palmer,Republican,5,D0.32083791163053976,0.21050000000000002,0.2533571428571429,0.3575832183908045,74,RL,55,19
AL-7,Terri A. Sewell,Democrat,5,D0.32083791163053976,0.20989999999999998,0.2533571428571429,0.3575832183908045,73,RL,56,15
AR-1,Eric A. "Rick" Crawford,Republican,4,D0.21531488044858232,0.21420000000000003,0.272175,0.3575832183908045,80,DL,50,56
AR-2,J. French Hill,Republican,4,D0.21531488044858232,0.3429,0.272175,0.3575832183908045,233,DL,44,125
AR-3,Steve Womack,Republican,4,D0.21531488044858232,0.1746,0.272175,0.3575832183908045,44,DL,52,38
AR-4,Bruce Westerman,Republican,4,D0.21531488044858232,0.35700000000000004,0.272175,0.3575832183908045,248,DL,43,139
AZ-1,Tom O’Halleran,Democrat,-1,D0.012485944793800188,0.2731,0.43461111111111106,0.3575832183908045,143,II,37,272
AZ-2,Martha McSally,Republican,-1,D0.012485944793800188,0.539,0.43461111111111106,0.3575832183908045,382,II,24,404
AZ-3,Raúl M. Grijalva,Democrat,-1,D0.012485944793800188,0.2852,0.43461111111111106,0.3575832183908045,163,II,37,272
AZ-4,Paul A. Gosar,Republican,-1,D0.012485944793800188,0.1741,0.43461111111111106,0.3575832183908045,43,II,42,154
AZ-5,Andy Biggs,Republican,-1,D0.012485944793800188,0.6992,0.43461111111111106,0.3575832183908045,421,II,16,428
AZ-6,David Schweikert,Republican,-1,D0.012485944793800188,0.6072,0.43461111111111106,0.3575832183908045,404,II,21,418
AZ-7,Ruben Gallego,Democrat,-1,D0.012485944793800188,0.6637000000000001,0.43461111111111106,0.3575832183908045,417,II,18,427
AZ-8,Ruben Gallego,Democrat,-1,D0.012485944793800188,0.34659999999999996,0.43461111111111106,0.3575832183908045,236,II,34,324
AZ-9,Kyrsten Sinema,Democrat,-1,D0.012485944793800188,0.3234,0.43461111111111106,0.3575832183908045,205,II,35,313
CA-1,Doug LaMalfa,Republican,-25,R0.1923891578648051,0.37670000000000003,0.4064377358490566,0.3575832183908045,265,II,41,179
CA-2,Jared Huffman,Democrat,-25,R0.1923891578648051,0.2389,0.4064377358490566,0.3575832183908045,101,II,48,74
CA-3,John Garamendi,Democrat,-25,R0.1923891578648051,0.2418,0.4064377358490566,0.3575832183908045,105,II,48,74
CA-4,Tom McClintock,Republican,-25,R0.1923891578648051,0.4023,0.4064377358490566,0.3575832183908045,292,II,40,209
CA-5,Mike Thompson,Democrat,-25,R0.1923891578648051,0.3077,0.4064377358490566,0.3575832183908045,192,II,45,111
CA-6,Doris O. Matsui,Democrat,-25,R0.1923891578648051,0.34159999999999996,0.4064377358490566,0.3575832183908045,231,II,43,139
CA-7,Ami Bera,Democrat,-25,R0.1923891578648051,0.6452,0.4064377358490566,0.3575832183908045,414,II,28,384
CA-8,Paul Cook,Republican,-25,R0.1923891578648051,0.35200000000000004,0.4064377358490566,0.3575832183908045,241,II,42,154
CA-9,Jerry McNerney,Democrat,-25,R0.1923891578648051,0.5414,0.4064377358490566,0.3575832183908045,383,II,33,338
CA-10,Jeff Denham,Republican,-25,R0.1923891578648051,0.4371,0.4064377358490566,0.3575832183908045,321,II,38,250
CA-11,Mark DeSaulnier,Democrat,-25,R0.1923891578648051,0.35350000000000004,0.4064377358490566,0.3575832183908045,244,II,42,154
CA-12,Nancy Pelosi,Democrat,-25,R0.1923891578648051,0.7704000000000001,0.4064377358490566,0.3575832183908045,427,II,21,418
CA-13,Barbara Lee,Democrat,-25,R0.1923891578648051,0.6463,0.4064377358490566,0.3575832183908045,416,II,28,384
CA-14,Jackie Speier,Democrat,-25,R0.1923891578648051,0.3957,0.4064377358490566,0.3575832183908045,286,II,40,209
CA-15,Eric Swalwell,Democrat,-25,R0.1923891578648051,0.4374,0.4064377358490566,0.3575832183908045,322,II,38,250
CA-16,Jim Costa,Democrat,-25,R0.1923891578648051,0.3785,0.4064377358490566,0.3575832183908045,268,II,41,179
CA-17,Ro Khanna,Democrat,-25,R0.1923891578648051,0.6285000000000001,0.4064377358490566,0.3575832183908045,410,II,29,378
CA-18,Anna G. Eshoo,Democrat,-25,R0.1923891578648051,0.47259999999999996,0.4064377358490566,0.3575832183908045,349,II,36,293
CA-19,Zoe Lofgren,Democrat,-25,R0.1923891578648051,0.40549999999999997,0.4064377358490566,0.3575832183908045,297,II,40,209
CA-20,Jimmy Panetta,Democrat,-25,R0.1923891578648051,0.4493,0.4064377358490566,0.3575832183908045,332,II,38,250
CA-21,David G. Valadao,Republican,-25,R0.1923891578648051,0.2659,0.4064377358490566,0.3575832183908045,131,II,47,83
CA-22,Devin Nunes,Republican,-25,R0.1923891578648051,0.2568,0.4064377358490566,0.3575832183908045,117,II,47,83
CA-23,Kevin McCarthy,Republican,-25,R0.1923891578648051,0.24969999999999998,0.4064377358490566,0.3575832183908045,113,II,48,74
CA-24,Salud O. Carbajal,Democrat,-25,R0.1923891578648051,0.2134,0.4064377358490566,0.3575832183908045,78,II,49,64
CA-25,Stephen Knight,Republican,-25,R0.1923891578648051,0.314,0.4064377358490566,0.3575832183908045,196,II,44,125
CA-26,Julia Brownley,Democrat,-25,R0.1923891578648051,0.26170000000000004,0.4064377358490566,0.3575832183908045,125,II,47,83
CA-27,Judy Chu,Democrat,-25,R0.1923891578648051,0.5045000000000001,0.4064377358490566,0.3575832183908045,369,II,35,313
CA-28,Adam B. Schiff,Democrat,-25,R0.1923891578648051,0.4079,0.4064377358490566,0.3575832183908045,301,II,40,209
CA-29,Tony Cárdenas,Democrat,-25,R0.1923891578648051,0.4236,0.4064377358490566,0.3575832183908045,309,II,39,236
CA-30,Brad Sherman,Democrat,-25,R0.1923891578648051,0.3909,0.4064377358490566,0.3575832183908045,278,II,40,209
CA-31,Pete Aguilar,Democrat,-25,R0.1923891578648051,0.2236,0.4064377358490566,0.3575832183908045,90,II,49,64
CA-32,Grace F. Napolitano,Democrat,-25,R0.1923891578648051,0.4686,0.4064377358490566,0.3575832183908045,345,II,37,272
CA-33,Ted Lieu,Democrat,-25,R0.1923891578648051,0.1833,0.4064377358490566,0.3575832183908045,51,II,51,46
CA-34,Jimmy Gomez,Democrat,-25,R0.1923891578648051,0.5242,0.4064377358490566,0.3575832183908045,376,II,34,324
CA-35,Norma J. Torres,Democrat,-25,R0.1923891578648051,0.3507,0.4064377358490566,0.3575832183908045,240,II,42,154
CA-36,Raul Ruiz,Democrat,-25,R0.1923891578648051,0.4073,0.4064377358490566,0.3575832183908045,299,II,40,209
CA-37,Karen Bass,Democrat,-25,R0.1923891578648051,0.6306,0.4064377358490566,0.3575832183908045,412,II,28,384
CA-38,Linda T. Sánchez,Democrat,-25,R0.1923891578648051,0.39549999999999996,0.4064377358490566,0.3575832183908045,284,II,40,209
CA-39,Edward R. Royce,Republican,-25,R0.1923891578648051,0.4702,0.4064377358490566,0.3575832183908045,348,II,36,293
CA-40,Lucille Roybal-Allard,Democrat,-25,R0.1923891578648051,0.47869999999999996,0.4064377358490566,0.3575832183908045,355,II,36,293
CA-41,Mark Takano,Democrat,-25,R0.1923891578648051,0.4647,0.4064377358490566,0.3575832183908045,342,II,37,272
CA-42,Ken Calvert,Republican,-25,R0.1923891578648051,0.2262,0.4064377358490566,0.3575832183908045,93,II,49,64
CA-43,Maxine Waters,Democrat,-25,R0.1923891578648051,0.5595,0.4064377358490566,0.3575832183908045,391,II,32,348
CA-44,Nanette Diaz Barragán,Democrat,-25,R0.1923891578648051,0.5149,0.4064377358490566,0.3575832183908045,373,II,34,324
CA-45,Mimi Walters,Republican,-25,R0.1923891578648051,0.6038,0.4064377358490566,0.3575832183908045,402,II,30,369
CA-46,J. Luis Correa,Democrat,-25,R0.1923891578648051,0.6145,0.4064377358490566,0.3575832183908045,405,II,29,378
CA-47,Alan S. Lowenthal,Democrat,-25,R0.1923891578648051,0.1484,0.4064377358490566,0.3575832183908045,22,II,53,32
CA-48,Dana Rohrabacher,Republican,-25,R0.1923891578648051,0.33340000000000003,0.4064377358490566,0.3575832183908045,220,II,43,139
CA-49,Darrell E. Issa,Republican,-25,R0.1923891578648051,0.3605,0.4064377358490566,0.3575832183908045,253,II,42,154
CA-50,Duncan Hunter,Republican,-25,R0.1923891578648051,0.40020000000000006,0.4064377358490566,0.3575832183908045,290,II,40,209
CA-51,Juan Vargas,Democrat,-25,R0.1923891578648051,0.2933,0.4064377358490566,0.3575832183908045,176,II,45,111
CA-52,Scott H. Peters,Democrat,-25,R0.1923891578648051,0.30010000000000003,0.4064377358490566,0.3575832183908045,185,II,45,111
CA-53,Susan A. Davis,Democrat,-25,R0.1923891578648051,0.4782,0.4064377358490566,0.3575832183908045,353,II,36,293
CO-1,Diana DeGette,Democrat,1,D0.009190256484670443,0.2328,0.33282857142857136,0.3575832183908045,98,IL,38,250
CO-2,Jared Polis,Democrat,1,D0.009190256484670443,0.3407,0.33282857142857136,0.3575832183908045,228,IL,33,338
CO-3,Scott R. Tipton,Republican,1,D0.009190256484670443,0.3911,0.33282857142857136,0.3575832183908045,279,IL,30,369
CO-4,Ken Buck,Republican,1,D0.009190256484670443,0.4032,0.33282857142857136,0.3575832183908045,294,IL,30,369
CO-5,Doug Lamborn,Republican,1,D0.009190256484670443,0.45039999999999997,0.33282857142857136,0.3575832183908045,333,IL,27,392
CO-6,Mike Coffman,Republican,1,D0.009190256484670443,0.1838,0.33282857142857136,0.3575832183908045,52,IL,41,179
CO-7,Ed Perlmutter,Democrat,1,D0.009190256484670443,0.32780000000000004,0.33282857142857136,0.3575832183908045,211,IL,34,324
CT-1,John B. Larson,Democrat,-5,R0.22768973509744583,0.2438,0.33643999999999996,0.3575832183908045,106,IB,49,64
CT-2,Joe Courtney,Democrat,-5,R0.22768973509744583,0.501,0.33643999999999996,0.3575832183908045,368,IB,36,293
CT-3,Rosa L. DeLauro,Democrat,-5,R0.22768973509744583,0.3257,0.33643999999999996,0.3575832183908045,207,IB,45,111
CT-4,James A. Himes,Democrat,-5,R0.22768973509744583,0.3373,0.33643999999999996,0.3575832183908045,224,IB,44,125
CT-5,Elizabeth H. Esty,Democrat,-5,R0.22768973509744583,0.27440000000000003,0.33643999999999996,0.3575832183908045,146,IB,47,83
DE-0,Lisa Blunt Rochester,Democrat,-1,R0.14562654386294419,1,1,0.3575832183908045,429,null,0,429
FL-1,Matt Gaetz,Republican,5,D0.08470552558206902,0.4435,0.44326666666666675,0.3575832183908045,326,RL,32,348
FL-2,Neal P. Dunn,Republican,5,D0.08470552558206902,0.2113,0.44326666666666675,0.3575832183908045,75,RL,43,139
FL-3,Ted S. Yoho,Republican,5,D0.08470552558206902,0.6206,0.44326666666666675,0.3575832183908045,407,RL,23,410
FL-4,John H. Rutherford,Republican,5,D0.08470552558206902,0.3103,0.44326666666666675,0.3575832183908045,193,RL,38,250
FL-5,Al Lawson Jr.,Democrat,5,D0.08470552558206902,0.1377,0.44326666666666675,0.3575832183908045,17,RL,47,83
FL-6,Ron DeSantis,Republican,5,D0.08470552558206902,0.4175,0.44326666666666675,0.3575832183908045,306,RL,33,338
FL-7,Stephanie N. Murphy,Democrat,5,D0.08470552558206902,0.5506,0.44326666666666675,0.3575832183908045,386,RL,26,395
FL-8,Bill Posey,Republican,5,D0.08470552558206902,0.40740000000000004,0.44326666666666675,0.3575832183908045,300,RL,34,324
FL-9,Darren Soto,Democrat,5,D0.08470552558206902,0.6259,0.44326666666666675,0.3575832183908045,409,RL,23,410
FL-10,Val Butler Demings,Democrat,5,D0.08470552558206902,0.6014,0.44326666666666675,0.3575832183908045,400,RL,24,404
FL-11,Daniel Webster,Republican,5,D0.08470552558206902,0.4293,0.44326666666666675,0.3575832183908045,318,RL,33,338
FL-12,Gus M. Bilirakis,Republican,5,D0.08470552558206902,0.48619999999999997,0.44326666666666675,0.3575832183908045,361,RL,30,369
FL-13,Charlie Crist,Democrat,5,D0.08470552558206902,0.7048000000000001,0.44326666666666675,0.3575832183908045,422,RL,19,424
FL-14,Kathy Castor,Democrat,5,D0.08470552558206902,0.5809000000000001,0.44326666666666675,0.3575832183908045,398,RL,25,399
FL-15,Dennis A. Ross,Republican,5,D0.08470552558206902,0.44439999999999996,0.44326666666666675,0.3575832183908045,328,RL,32,348
FL-16,Vern Buchanan,Republican,5,D0.08470552558206902,0.6179,0.44326666666666675,0.3575832183908045,406,RL,23,410
FL-17,Thomas J. Rooney,Republican,5,D0.08470552558206902,0.5168,0.44326666666666675,0.3575832183908045,375,RL,28,384
FL-18,Brian J. Mast,Republican,5,D0.08470552558206902,0.5593,0.44326666666666675,0.3575832183908045,390,RL,26,395
FL-19,Francis Rooney,Republican,5,D0.08470552558206902,0.31120000000000003,0.44326666666666675,0.3575832183908045,194,RL,38,250
FL-20,Alcee L. Hastings,Democrat,5,D0.08470552558206902,0.2833,0.44326666666666675,0.3575832183908045,160,RL,40,209
FL-21,Lois Frankel,Democrat,5,D0.08470552558206902,0.4622,0.44326666666666675,0.3575832183908045,341,RL,31,355
FL-22,Theodore E. Deutch,Democrat,5,D0.08470552558206902,0.3145,0.44326666666666675,0.3575832183908045,198,RL,38,250
FL-23,Debbie Wasserman Schultz,Democrat,5,D0.08470552558206902,0.4907,0.44326666666666675,0.3575832183908045,363,RL,29,378
FL-24,Frederica S. Wilson,Democrat,5,D0.08470552558206902,0.5617,0.44326666666666675,0.3575832183908045,392,RL,26,395
FL-25,Mario Diaz-Balart,Republican,5,D0.08470552558206902,0.3926,0.44326666666666675,0.3575832183908045,281,RL,34,324
FL-26,Carlos Curbelo,Republican,5,D0.08470552558206902,0.1588,0.44326666666666675,0.3575832183908045,29,RL,46,98
FL-27,Ileana Ros-Lehtinen,Republican,5,D0.08470552558206902,0.3274,0.44326666666666675,0.3575832183908045,209,RL,38,250
GA-1,Earl L. "Buddy" Carter,Republican,6,D0.03844731663899201,0.3276,0.3982214285714286,0.3575832183908045,210,RL,36,293
GA-2,Sanford D. Bishop Jr.,Democrat,6,D0.03844731663899201,0.4436,0.3982214285714286,0.3575832183908045,327,RL,30,369
GA-3,A. Drew Ferguson IV,Republican,6,D0.03844731663899201,0.4067,0.3982214285714286,0.3575832183908045,298,RL,32,348
GA-4,Henry C. "Hank" Johnson Jr.,Democrat,6,D0.03844731663899201,0.4882,0.3982214285714286,0.3575832183908045,362,RL,28,384
GA-5,John Lewis,Democrat,6,D0.03844731663899201,0.6654000000000001,0.3982214285714286,0.3575832183908045,418,RL,19,424
GA-6,Karen C. Handel,Republican,6,D0.03844731663899201,0.4252,0.3982214285714286,0.3575832183908045,311,RL,31,355
GA-7,Rob Woodall,Republican,6,D0.03844731663899201,0.4268,0.3982214285714286,0.3575832183908045,314,RL,31,355
GA-8,Austin Scott,Republican,6,D0.03844731663899201,0.21660000000000001,0.3982214285714286,0.3575832183908045,84,RL,41,179
GA-9,Doug Collins,Republican,6,D0.03844731663899201,0.4341,0.3982214285714286,0.3575832183908045,319,RL,30,369
GA-10,Jody B. Hice,Republican,6,D0.03844731663899201,0.4165,0.3982214285714286,0.3575832183908045,305,RL,31,355
GA-11,Barry Loudermilk,Republican,6,D0.03844731663899201,0.39549999999999996,0.3982214285714286,0.3575832183908045,284,RL,32,348
GA-12,Rick W. Allen,Republican,6,D0.03844731663899201,0.3025,0.3982214285714286,0.3575832183908045,188,RL,37,272
GA-13,David Scott,Democrat,6,D0.03844731663899201,0.2409,0.3982214285714286,0.3575832183908045,103,RL,40,209
GA-14,Tom Graves,Republican,6,D0.03844731663899201,0.38549999999999995,0.3982214285714286,0.3575832183908045,272,RL,33,338
HI-1,Colleen Hanabusa,Democrat,-2,R0.5269773159318564,0.3936,0.25170000000000003,0.3575832183908045,282,IP,56,15
HI-2,Tulsi Gabbard,Democrat,-2,R0.5269773159318564,0.10980000000000001,0.25170000000000003,0.3575832183908045,9,IP,71,1
IA-1,Rod Blum,Republican,2,D0.09183698381121107,0.271,0.38750000000000007,0.3575832183908045,140,IA,41,179
IA-2,David Loebsack,Democrat,2,D0.09183698381121107,0.3312,0.38750000000000007,0.3575832183908045,215,IA,38,250
IA-3,David Young,Republican,2,D0.09183698381121107,0.4829,0.38750000000000007,0.3575832183908045,357,IA,31,355
IA-4,Steve King,Republican,2,D0.09183698381121107,0.46490000000000004,0.38750000000000007,0.3575832183908045,343,IA,32,348
ID-1,Raúl R. Labrador,Republican,2,D0.34999134382051483,0.2602,0.34319999999999995,0.3575832183908045,121,II,54,26
ID-2,Michael K. Simpson,Republican,2,D0.34999134382051483,0.42619999999999997,0.34319999999999995,0.3575832183908045,313,II,46,98
IL-1,Bobby L. Rush,Democrat,-4,R0.12776698281373677,0.2706,0.2551611111111111,0.3575832183908045,139,DL,42,154
IL-2,Robin L. Kelly,Democrat,-4,R0.12776698281373677,0.4542,0.2551611111111111,0.3575832183908045,336,DL,33,338
IL-3,Daniel Lipinski,Democrat,-4,R0.12776698281373677,0.3147,0.2551611111111111,0.3575832183908045,199,DL,40,209
IL-4,Luis V. Gutiérrez,Democrat,-4,R0.12776698281373677,0.1317,0.2551611111111111,0.3575832183908045,14,DL,49,64
IL-5,Mike Quigley,Democrat,-4,R0.12776698281373677,0.22030000000000002,0.2551611111111111,0.3575832183908045,89,DL,45,111
IL-6,Peter J. Roskam,Republican,-4,R0.12776698281373677,0.19940000000000002,0.2551611111111111,0.3575832183908045,68,DL,46,98
IL-7,Danny K. Davis,Democrat,-4,R0.12776698281373677,0.23579999999999998,0.2551611111111111,0.3575832183908045,100,DL,44,125
IL-8,Raja Krishnamoorthi,Democrat,-4,R0.12776698281373677,0.2648,0.2551611111111111,0.3575832183908045,130,DL,43,139
IL-9,Janice D. Schakowsky,Democrat,-4,R0.12776698281373677,0.2767,0.2551611111111111,0.3575832183908045,149,DL,42,154
IL-10,Bradley Scott Schneider,Democrat,-4,R0.12776698281373677,0.335,0.2551611111111111,0.3575832183908045,222,DL,39,236
IL-11,Bill Foster,Democrat,-4,R0.12776698281373677,0.161,0.2551611111111111,0.3575832183908045,30,DL,48,74
IL-12,Mike Bost,Republican,-4,R0.12776698281373677,0.303,0.2551611111111111,0.3575832183908045,189,DL,41,179
IL-13,Rodney Davis,Republican,-4,R0.12776698281373677,0.21969999999999998,0.2551611111111111,0.3575832183908045,87,DL,45,111
IL-14,Randy Hultgren,Republican,-4,R0.12776698281373677,0.2029,0.2551611111111111,0.3575832183908045,71,DL,46,98
IL-15,John Shimkus,Republican,-4,R0.12776698281373677,0.2721,0.2551611111111111,0.3575832183908045,141,DL,42,154
IL-16,Adam Kinzinger,Republican,-4,R0.12776698281373677,0.247,0.2551611111111111,0.3575832183908045,110,DL,44,125
IL-17,Cheri Bustos,Democrat,-4,R0.12776698281373677,0.2202,0.2551611111111111,0.3575832183908045,88,DL,45,111
IL-18,Darin LaHood,Republican,-4,R0.12776698281373677,0.2638,0.2551611111111111,0.3575832183908045,128,DL,43,139
IN-1,Peter J. Visclosky,Democrat,5,D0.2486070007313402,0.498,0.5026333333333334,0.3575832183908045,367,RB,37,272
IN-2,Jackie Walorski,Republican,5,D0.2486070007313402,0.4852,0.5026333333333334,0.3575832183908045,360,RB,38,250
IN-3,Jim Banks,Republican,5,D0.2486070007313402,0.5699000000000001,0.5026333333333334,0.3575832183908045,393,RB,34,324
IN-4,Todd Rokita,Republican,5,D0.2486070007313402,0.4727,0.5026333333333334,0.3575832183908045,350,RB,38,250
IN-5,Susan W. Brooks,Republican,5,D0.2486070007313402,0.4188,0.5026333333333334,0.3575832183908045,307,RB,41,179
IN-6,Luke Messer,Republican,5,D0.2486070007313402,0.5296,0.5026333333333334,0.3575832183908045,379,RB,36,293
IN-7,André Carson,Democrat,5,D0.2486070007313402,0.7506,0.5026333333333334,0.3575832183908045,426,RB,24,404
IN-8,Larry Bucshon,Republican,5,D0.2486070007313402,0.3566,0.5026333333333334,0.3575832183908045,247,RB,44,125
IN-9,Trey Hollingsworth,Republican,5,D0.2486070007313402,0.44229999999999997,0.5026333333333334,0.3575832183908045,324,RB,40,209
KS-1,Roger W. Marshall,Republican,4,D0.22561792599629818,0.4079,0.442075,0.3575832183908045,301,RL,41,179
KS-2,Lynn Jenkins,Republican,4,D0.22561792599629818,0.4017,0.442075,0.3575832183908045,291,RL,41,179
KS-3,Kevin Yoder,Republican,4,D0.22561792599629818,0.5726,0.442075,0.3575832183908045,396,RL,32,348
KS-4,Ron Estes,Republican,4,D0.22561792599629818,0.3861,0.442075,0.3575832183908045,273,RL,42,154
KY-1,James Comer,Republican,4,D0.19977342880069704,0.1561,0.29381666666666667,0.3575832183908045,27,IL,52,38
KY-2,Brett Guthrie,Republican,4,D0.19977342880069704,0.1883,0.29381666666666667,0.3575832183908045,59,IL,51,46
KY-3,John A. Yarmuth,Democrat,4,D0.19977342880069704,0.5347,0.29381666666666667,0.3575832183908045,380,IL,33,338
KY-4,Thomas Massie,Republican,4,D0.19977342880069704,0.18289999999999998,0.29381666666666667,0.3575832183908045,50,IL,51,46
KY-5,Harold Rogers,Republican,4,D0.19977342880069704,0.3688,0.29381666666666667,0.3575832183908045,258,IL,42,154
KY-6,Andy Barr,Republican,4,D0.19977342880069704,0.3321,0.29381666666666667,0.3575832183908045,218,IL,43,139
LA-1,Steve Scalise,Republican,4,D0.410950293606815,0.1475,0.18478333333333333,0.3575832183908045,19,RL,64,4
LA-2,Cedric L. Richmond,Democrat,4,D0.410950293606815,0.10869999999999999,0.18478333333333333,0.3575832183908045,7,RL,66,2
LA-3,Clay Higgins,Republican,4,D0.410950293606815,0.3161,0.18478333333333333,0.3575832183908045,200,RL,55,19
LA-4,Mike Johnson,Republican,4,D0.410950293606815,0.24420000000000003,0.18478333333333333,0.3575832183908045,107,RL,59,7
LA-5,Ralph Lee Abraham,Republican,4,D0.410950293606815,0.17600000000000002,0.18478333333333333,0.3575832183908045,46,RL,62,5
LA-6,Garret Graves,Republican,4,D0.410950293606815,0.1162,0.18478333333333333,0.3575832183908045,10,RL,65,3
MA-1,Richard E. Neal,Democrat,-9,R0.34353495867412526,0.3371,0.2902666666666667,0.3575832183908045,223,DL,50,56
MA-2,James P. McGovern,Democrat,-9,R0.34353495867412526,0.3886,0.2902666666666667,0.3575832183908045,276,DL,48,74
MA-3,Niki Tsongas,Democrat,-9,R0.34353495867412526,0.2959,0.2902666666666667,0.3575832183908045,179,DL,52,38
MA-4,Joseph P. Kennedy III,Democrat,-9,R0.34353495867412526,0.2738,0.2902666666666667,0.3575832183908045,145,DL,53,32
MA-5,Katherine M. Clark,Democrat,-9,R0.34353495867412526,0.34020000000000006,0.2902666666666667,0.3575832183908045,227,DL,50,56
MA-6,Seth Moulton,Democrat,-9,R0.34353495867412526,0.4201,0.2902666666666667,0.3575832183908045,308,DL,46,98
MA-7,Michael E. Capuano,Democrat,-9,R0.34353495867412526,0.2615,0.2902666666666667,0.3575832183908045,123,DL,54,26
MA-8,Stephen F. Lynch,Democrat,-9,R0.34353495867412526,0.1954,0.2902666666666667,0.3575832183908045,64,DL,57,11
MA-9,William R. Keating,Democrat,-9,R0.34353495867412526,0.0998,0.2902666666666667,0.3575832183908045,5,DL,62,5
MD-1,Andy Harris,Republican,-6,R0.24887352078626976,0.1292,0.163625,0.3575832183908045,13,DL,56,15
MD-2,C. A. Dutch Ruppersberger,Democrat,-6,R0.24887352078626976,0.13419999999999999,0.163625,0.3575832183908045,15,DL,55,19
MD-3,John P. Sarbanes,Democrat,-6,R0.24887352078626976,0.0576,0.163625,0.3575832183908045,1,DL,59,7
MD-4,Anthony G. Brown,Democrat,-6,R0.24887352078626976,0.16879999999999998,0.163625,0.3575832183908045,39,DL,54,26
MD-5,Steny H. Hoyer,Democrat,-6,R0.24887352078626976,0.3488,0.163625,0.3575832183908045,238,DL,45,111
MD-6,John K. Delaney,Democrat,-6,R0.24887352078626976,0.1229,0.163625,0.3575832183908045,12,DL,56,15
MD-7,Elijah E. Cummings,Democrat,-6,R0.24887352078626976,0.1845,0.163625,0.3575832183908045,53,DL,53,32
MD-8,Jamie Raskin,Democrat,-6,R0.24887352078626976,0.163,0.163625,0.3575832183908045,31,DL,54,26
ME-1,Chellie Pingree,Democrat,0,D0.1984762541398745,0.1638,0.27195,0.3575832183908045,32,IA,52,38
ME-2,Bruce Poliquin,Republican,0,D0.1984762541398745,0.3801,0.27195,0.3575832183908045,269,IA,41,179
MI-1,Jack Bergman,Republican,4,D0.010580744167445597,0.0873,0.31983571428571433,0.3575832183908045,4,RL,47,83
MI-2,Bill Huizenga,Republican,4,D0.010580744167445597,0.4454,0.31983571428571433,0.3575832183908045,329,RL,29,378
MI-3,Justin Amash,Republican,4,D0.010580744167445597,0.30219999999999997,0.31983571428571433,0.3575832183908045,187,RL,36,293
MI-4,John R. Moolenaar,Republican,4,D0.010580744167445597,0.4025,0.31983571428571433,0.3575832183908045,293,RL,31,355
MI-5,Daniel T. Kildee,Democrat,4,D0.010580744167445597,0.1936,0.31983571428571433,0.3575832183908045,63,RL,41,179
MI-6,Fred Upton,Republican,4,D0.010580744167445597,0.547,0.31983571428571433,0.3575832183908045,384,RL,24,404
MI-7,Tim Walberg,Republican,4,D0.010580744167445597,0.27440000000000003,0.31983571428571433,0.3575832183908045,146,RL,37,272
MI-8,Mike Bishop,Republican,4,D0.010580744167445597,0.33390000000000003,0.31983571428571433,0.3575832183908045,221,RL,34,324
MI-9,Sander M. Levin,Democrat,4,D0.010580744167445597,0.3287,0.31983571428571433,0.3575832183908045,212,RL,35,313
MI-10,Paul Mitchell,Republican,4,D0.010580744167445597,0.5523,0.31983571428571433,0.3575832183908045,387,RL,23,410
MI-11,David A. Trott,Republican,4,D0.010580744167445597,0.2579,0.31983571428571433,0.3575832183908045,119,RL,38,250
MI-12,Debbie Dingell,Democrat,4,D0.010580744167445597,0.2781,0.31983571428571433,0.3575832183908045,151,RL,37,272
MI-13,Debbie Dingell,Democrat,4,D0.010580744167445597,0.2767,0.31983571428571433,0.3575832183908045,149,RL,37,272
MI-14,Brenda L. Lawrence,Democrat,4,D0.010580744167445597,0.1977,0.31983571428571433,0.3575832183908045,65,RL,41,179
MN-1,Timothy J. Walz,Democrat,-2,R0.1569778651581278,0.2792,0.40443749999999995,0.3575832183908045,153,IL,44,125
MN-2,Jason Lewis,Republican,-2,R0.1569778651581278,0.34450000000000003,0.40443749999999995,0.3575832183908045,234,IL,41,179
MN-3,Erik Paulsen,Republican,-2,R0.1569778651581278,0.4164,0.40443749999999995,0.3575832183908045,304,IL,37,272
MN-4,Betty McCollum,Democrat,-2,R0.1569778651581278,0.5922,0.40443749999999995,0.3575832183908045,399,IL,28,384
MN-5,Keith Ellison,Democrat,-2,R0.1569778651581278,0.6455,0.40443749999999995,0.3575832183908045,415,IL,26,395
MN-6,Tom Emmer,Republican,-2,R0.1569778651581278,0.24969999999999998,0.40443749999999995,0.3575832183908045,113,IL,46,98
MN-7,Collin C. Peterson,Democrat,-2,R0.1569778651581278,0.34990000000000004,0.40443749999999995,0.3575832183908045,239,IL,41,179
MN-8,Richard M. Nolan,Democrat,-2,R0.1569778651581278,0.35810000000000003,0.40443749999999995,0.3575832183908045,250,IL,40,209
MO-1,Wm. Lacy Clay,Democrat,4,D0.20334615841944903,0.42579999999999996,0.35431250000000003,0.3575832183908045,312,IL,39,236
MO-2,Ann Wagner,Republican,4,D0.20334615841944903,0.45399999999999996,0.35431250000000003,0.3575832183908045,335,IL,37,272
MO-3,Blaine Luetkemeyer,Republican,4,D0.20334615841944903,0.2923,0.35431250000000003,0.3575832183908045,171,IL,45,111
MO-4,Vicky Hartzler,Republican,4,D0.20334615841944903,0.2671,0.35431250000000003,0.3575832183908045,134,IL,47,83
MO-5,Emanuel Cleaver,Democrat,4,D0.20334615841944903,0.2248,0.35431250000000003,0.3575832183908045,92,IL,49,64
MO-6,Sam Graves,Republican,4,D0.20334615841944903,0.266,0.35431250000000003,0.3575832183908045,132,IL,47,83
MO-7,Billy Long,Republican,4,D0.20334615841944903,0.4803,0.35431250000000003,0.3575832183908045,356,IL,36,293
MO-8,Jason Smith,Republican,4,D0.20334615841944903,0.4242,0.35431250000000003,0.3575832183908045,310,IL,39,236
MS-1,Trent Kelly,Republican,2,D0.1953136035416524,0.3697,0.362475,0.3575832183908045,261,IL,42,154
MS-2,Bennie G. Thompson,Democrat,2,D0.1953136035416524,0.31920000000000004,0.362475,0.3575832183908045,201,IL,44,125
MS-3,Gregg Harper,Republican,2,D0.1953136035416524,0.21239999999999998,0.362475,0.3575832183908045,76,IL,49,64
MS-4,Steven M. Palazzo,Republican,2,D0.1953136035416524,0.5486,0.362475,0.3575832183908045,385,IL,33,338
MT-0,Greg Gianforte,Republican,1,D0.15642802428366917,1,1,0.3575832183908045,429,null,0,429
NC-1,G. K. Butterfield,Democrat,7,D0.06625373114204805,0.24170000000000003,0.32771538461538463,0.3575832183908045,104,RL,41,179
NC-2,George Holding,Republican,7,D0.06625373114204805,0.24,0.32771538461538463,0.3575832183908045,102,RL,41,179
NC-3,Walter B. Jones,Republican,7,D0.06625373114204805,0.4044,0.32771538461538463,0.3575832183908045,295,RL,33,338
NC-4,David E. Price,Democrat,7,D0.06625373114204805,0.2816,0.32771538461538463,0.3575832183908045,157,RL,39,236
NC-5,Virginia Foxx,Republican,7,D0.06625373114204805,0.3583,0.32771538461538463,0.3575832183908045,252,RL,35,313
NC-6,Mark Walker,Republican,7,D0.06625373114204805,0.34240000000000004,0.32771538461538463,0.3575832183908045,232,RL,36,293
NC-7,David Rouzer,Republican,7,D0.06625373114204805,0.44310000000000005,0.32771538461538463,0.3575832183908045,325,RL,31,355
NC-8,Richard Hudson,Republican,7,D0.06625373114204805,0.3007,0.32771538461538463,0.3575832183908045,186,RL,38,250
NC-9,Robert Pittenger,Republican,7,D0.06625373114204805,0.2832,0.32771538461538463,0.3575832183908045,159,RL,39,236
NC-10,Patrick T. McHenry,Republican,7,D0.06625373114204805,0.33840000000000003,0.32771538461538463,0.3575832183908045,225,RL,36,293
NC-11,Mark Meadows,Republican,7,D0.06625373114204805,0.2733,0.32771538461538463,0.3575832183908045,144,RL,39,236
NC-12,Alma S. Adams,Democrat,7,D0.06625373114204805,0.4604,0.32771538461538463,0.3575832183908045,339,RL,30,369
NC-13,Ted Budd,Republican,7,D0.06625373114204805,0.2928,0.32771538461538463,0.3575832183908045,174,RL,38,250
ND-0,Kevin Cramer,Republican,1,NNaN,1,1,0.3575832183908045,429,null,0,429
NE-1,Jeff Fortenberry,Republican,3,D0.1954746360939264,0.3577,0.43483333333333335,0.3575832183908045,249,IL,42,154
NE-2,Don Bacon,Republican,3,D0.1954746360939264,0.606,0.43483333333333335,0.3575832183908045,403,IL,30,369
NE-3,Adrian Smith,Republican,3,D0.1954746360939264,0.3408,0.43483333333333335,0.3575832183908045,229,IL,43,139
NH-1,Carol Shea-Porter,Democrat,-2,R0.02854180012924062,0.23440000000000003,0.22495,0.3575832183908045,99,RL,39,236
NH-2,Ann M. Kuster,Democrat,-2,R0.02854180012924062,0.2155,0.22495,0.3575832183908045,81,RL,40,209
NJ-1,Donald Norcross,Democrat,-2,R0.08081969399307116,0.369,0.293875,0.3575832183908045,259,IP,36,293
NJ-2,Frank A. LoBiondo,Republican,-2,R0.08081969399307116,0.34600000000000003,0.293875,0.3575832183908045,235,IP,37,272
NJ-3,Thomas MacArthur,Republican,-2,R0.08081969399307116,0.36450000000000005,0.293875,0.3575832183908045,255,IP,36,293
NJ-4,Christopher H. Smith,Republican,-2,R0.08081969399307116,0.36840000000000006,0.293875,0.3575832183908045,257,IP,36,293
NJ-5,Josh Gottheimer,Democrat,-2,R0.08081969399307116,0.2808,0.293875,0.3575832183908045,155,IP,40,209
NJ-6,Frank Pallone Jr.,Democrat,-2,R0.08081969399307116,0.15130000000000002,0.293875,0.3575832183908045,24,IP,46,98
NJ-7,Leonard Lance,Republican,-2,R0.08081969399307116,0.3264,0.293875,0.3575832183908045,208,IP,38,250
NJ-8,Albio Sires,Democrat,-2,R0.08081969399307116,0.1673,0.293875,0.3575832183908045,37,IP,46,98
NJ-9,Bill Pascrell Jr.,Democrat,-2,R0.08081969399307116,0.2889,0.293875,0.3575832183908045,169,IP,40,209
NJ-10,Donald M. Payne Jr.,Democrat,-2,R0.08081969399307116,0.252,0.293875,0.3575832183908045,115,IP,41,179
NJ-11,Rodney P. Frelinghuysen,Republican,-2,R0.08081969399307116,0.3318,0.293875,0.3575832183908045,217,IP,37,272
NJ-12,Bonnie Watson Coleman,Democrat,-2,R0.08081969399307116,0.2801,0.293875,0.3575832183908045,154,IP,40,209
NM-1,Michelle Lujan Grisham,Democrat,-1,R0.12024724211217162,0.2973,0.37093333333333334,0.3575832183908045,183,IL,41,179
NM-2,Stevan Pearce,Republican,-1,R0.12024724211217162,0.42719999999999997,0.37093333333333334,0.3575832183908045,315,IL,35,313
NM-3,Ben Ray Luján,Democrat,-1,R0.12024724211217162,0.3883,0.37093333333333334,0.3575832183908045,275,IL,37,272
NV-1,Dina Titus,Democrat,-2,R0.009280507966178858,0.6292,0.566175,0.3575832183908045,411,IL,19,424
NV-2,Mark E. Amodei,Republican,-2,R0.009280507966178858,0.5710999999999999,0.566175,0.3575832183908045,394,IL,21,418
NV-3,Jacky Rosen,Democrat,-2,R0.009280507966178858,0.5081,0.566175,0.3575832183908045,371,IL,25,399
NV-4,Ruben J. Kihuen,Democrat,-2,R0.009280507966178858,0.5563,0.566175,0.3575832183908045,388,IL,22,416
NY-1,Lee M. Zeldin,Republican,-9,R0.2079845964958822,0.1913,0.4682555555555555,0.3575832183908045,61,IA,50,56
NY-2,Peter T. King,Republican,-9,R0.2079845964958822,0.49670000000000003,0.4682555555555555,0.3575832183908045,366,IA,35,313
NY-3,Thomas R. Suozzi,Democrat,-9,R0.2079845964958822,0.4752,0.4682555555555555,0.3575832183908045,352,IA,36,293
NY-4,Kathleen M. Rice,Democrat,-9,R0.2079845964958822,0.6325999999999999,0.4682555555555555,0.3575832183908045,413,IA,28,384
NY-5,Gregory W. Meeks,Democrat,-9,R0.2079845964958822,0.7114,0.4682555555555555,0.3575832183908045,423,IA,24,404
NY-6,Grace Meng,Democrat,-9,R0.2079845964958822,0.47840000000000005,0.4682555555555555,0.3575832183908045,354,IA,36,293
NY-7,Nydia M. Velázquez,Democrat,-9,R0.2079845964958822,0.3539,0.4682555555555555,0.3575832183908045,245,IA,42,154
NY-8,Hakeem S. Jeffries,Democrat,-9,R0.2079845964958822,0.2321,0.4682555555555555,0.3575832183908045,96,IA,48,74
NY-9,Yvette D. Clarke,Democrat,-9,R0.2079845964958822,0.7426,0.4682555555555555,0.3575832183908045,425,IA,23,410
NY-10,Jerrold Nadler,Democrat,-9,R0.2079845964958822,0.3893,0.4682555555555555,0.3575832183908045,277,IA,41,179
NY-11,Daniel M. Donovan Jr.,Republican,-9,R0.2079845964958822,0.4048,0.4682555555555555,0.3575832183908045,296,IA,40,209
NY-12,Carolyn B. Maloney,Democrat,-9,R0.2079845964958822,0.7145999999999999,0.4682555555555555,0.3575832183908045,424,IA,24,404
NY-13,Adriano Espaillat,Democrat,-9,R0.2079845964958822,0.4736,0.4682555555555555,0.3575832183908045,351,IA,36,293
NY-14,Joseph Crowley,Democrat,-9,R0.2079845964958822,0.3582,0.4682555555555555,0.3575832183908045,251,IA,42,154
NY-15,José E. Serrano,Democrat,-9,R0.2079845964958822,0.7826000000000001,0.4682555555555555,0.3575832183908045,428,IA,21,418
NY-16,Eliot L. Engel,Democrat,-9,R0.2079845964958822,0.45530000000000004,0.4682555555555555,0.3575832183908045,337,IA,37,272
NY-17,Nita M. Lowey,Democrat,-9,R0.2079845964958822,0.5716,0.4682555555555555,0.3575832183908045,395,IA,31,355
NY-18,Sean Patrick Maloney,Democrat,-9,R0.2079845964958822,0.38170000000000004,0.4682555555555555,0.3575832183908045,270,IA,41,179
NY-19,John J. Faso,Republican,-9,R0.2079845964958822,0.369,0.4682555555555555,0.3575832183908045,259,IA,42,154
NY-20,Paul Tonko,Democrat,-9,R0.2079845964958822,0.436,0.4682555555555555,0.3575832183908045,320,IA,38,250
NY-21,Elise M. Stefanik,Republican,-9,R0.2079845964958822,0.5091,0.4682555555555555,0.3575832183908045,372,IA,35,313
NY-22,Claudia Tenney,Republican,-9,R0.2079845964958822,0.2844,0.4682555555555555,0.3575832183908045,161,IA,46,98
NY-23,Tom Reed,Republican,-9,R0.2079845964958822,0.3211,0.4682555555555555,0.3575832183908045,204,IA,44,125
NY-24,John Katko,Republican,-9,R0.2079845964958822,0.4569,0.4682555555555555,0.3575832183908045,338,IA,37,272
NY-25,Louise McIntosh Slaughter,Democrat,-9,R0.2079845964958822,0.5756,0.4682555555555555,0.3575832183908045,397,IA,31,355
NY-26,Brian Higgins,Democrat,-9,R0.2079845964958822,0.4841,0.4682555555555555,0.3575832183908045,359,IA,36,293
NY-27,Chris Collins,Republican,-9,R0.2079845964958822,0.3608,0.4682555555555555,0.3575832183908045,254,IA,42,154
OH-1,Steve Chabot,Republican,6,D0.17807836707537306,0.2323,0.23711874999999996,0.3575832183908045,97,RA,47,83
OH-2,Brad R. Wenstrup,Republican,6,D0.17807836707537306,0.354,0.23711874999999996,0.3575832183908045,246,RA,41,179
OH-3,Joyce Beatty,Democrat,6,D0.17807836707537306,0.24850000000000003,0.23711874999999996,0.3575832183908045,112,RA,47,83
OH-4,Jim Jordan,Republican,6,D0.17807836707537306,0.1679,0.23711874999999996,0.3575832183908045,38,RA,51,46
OH-5,Robert E. Latta,Republican,6,D0.17807836707537306,0.3522,0.23711874999999996,0.3575832183908045,242,RA,41,179
OH-6,Bill Johnson,Republican,6,D0.17807836707537306,0.1863,0.23711874999999996,0.3575832183908045,57,RA,50,56
OH-7,Bob Gibbs,Republican,6,D0.17807836707537306,0.16920000000000002,0.23711874999999996,0.3575832183908045,40,RA,51,46
OH-8,Warren Davidson,Republican,6,D0.17807836707537306,0.29109999999999997,0.23711874999999996,0.3575832183908045,170,RA,44,125
OH-9,Marcy Kaptur,Democrat,6,D0.17807836707537306,0.08689999999999999,0.23711874999999996,0.3575832183908045,3,RA,55,19
OH-10,Michael R. Turner,Republican,6,D0.17807836707537306,0.39640000000000003,0.23711874999999996,0.3575832183908045,287,RA,39,236
OH-11,Marcia L. Fudge,Democrat,6,D0.17807836707537306,0.1693,0.23711874999999996,0.3575832183908045,41,RA,51,46
OH-12,Marcia L. Fudge,Democrat,6,D0.17807836707537306,0.19820000000000002,0.23711874999999996,0.3575832183908045,66,RA,49,64
OH-13,Tim Ryan,Democrat,6,D0.17807836707537306,0.15839999999999999,0.23711874999999996,0.3575832183908045,28,RA,51,46
OH-14,David P. Joyce,Republican,6,D0.17807836707537306,0.38799999999999996,0.23711874999999996,0.3575832183908045,274,RA,40,209
OH-15,Steve Stivers,Republican,6,D0.17807836707537306,0.21239999999999998,0.23711874999999996,0.3575832183908045,76,RA,48,74
OH-16,James B. Renacci,Republican,6,D0.17807836707537306,0.18280000000000002,0.23711874999999996,0.3575832183908045,49,RA,50,56
OK-1,Jim Bridenstine,Republican,5,D0.4204469646430954,0.24539999999999998,0.30917999999999995,0.3575832183908045,109,RL,59,7
OK-2,Markwayne Mullin,Republican,5,D0.4204469646430954,0.3768,0.30917999999999995,0.3575832183908045,266,RL,52,38
OK-3,Frank D. Lucas,Republican,5,D0.4204469646430954,0.2704,0.30917999999999995,0.3575832183908045,137,RL,57,11
OK-4,Tom Cole,Republican,5,D0.4204469646430954,0.33899999999999997,0.30917999999999995,0.3575832183908045,226,RL,54,26
OK-5,Steve Russell,Republican,5,D0.4204469646430954,0.3143,0.30917999999999995,0.3575832183908045,197,RL,55,19
OR-1,Suzanne Bonamici,Democrat,-3,R0.013906414472608875,0.321,0.38094,0.3575832183908045,203,IL,35,313
OR-2,Greg Walden,Republican,-3,R0.013906414472608875,0.5293,0.38094,0.3575832183908045,378,IL,25,399
OR-3,Earl Blumenauer,Democrat,-3,R0.013906414472608875,0.34729999999999994,0.38094,0.3575832183908045,237,IL,34,324
OR-4,Peter A. DeFazio,Democrat,-3,R0.013906414472608875,0.5261,0.38094,0.3575832183908045,377,IL,25,399
OR-5,Kurt Schrader,Democrat,-3,R0.013906414472608875,0.18100000000000002,0.38094,0.3575832183908045,47,IL,42,154
PA-1,Robert A. Brady,Democrat,6,D0.034666744528134334,0.19899999999999998,0.24537222222222224,0.3575832183908045,67,RL,42,154
PA-2,Dwight Evans,Democrat,6,D0.034666744528134334,0.6017,0.24537222222222224,0.3575832183908045,401,RL,22,416
PA-3,Mike Kelly,Republican,6,D0.034666744528134334,0.2937,0.24537222222222224,0.3575832183908045,177,RL,37,272
PA-4,Scott Perry,Republican,6,D0.034666744528134334,0.4279,0.24537222222222224,0.3575832183908045,316,RL,31,355
PA-5,Glenn Thompson,Republican,6,D0.034666744528134334,0.2968,0.24537222222222224,0.3575832183908045,182,RL,37,272
PA-6,Ryan A. Costello,Republican,6,D0.034666744528134334,0.1479,0.24537222222222224,0.3575832183908045,20,RL,45,111
PA-7,Patrick Meehan,Republican,6,D0.034666744528134334,0.0839,0.24537222222222224,0.3575832183908045,2,RL,48,74
PA-8,Brian K. Fitzpatrick,Republican,6,D0.034666744528134334,0.4489,0.24537222222222224,0.3575832183908045,331,RL,30,369
PA-9,Bill Shuster,Republican,6,D0.034666744528134334,0.1747,0.24537222222222224,0.3575832183908045,45,RL,43,139
PA-10,Tom Marino,Republican,6,D0.034666744528134334,0.1716,0.24537222222222224,0.3575832183908045,42,RL,43,139
PA-11,Lou Barletta,Republican,6,D0.034666744528134334,0.16570000000000001,0.24537222222222224,0.3575832183908045,35,RL,44,125
PA-12,Keith J. Rothfus,Republican,6,D0.034666744528134334,0.14800000000000002,0.24537222222222224,0.3575832183908045,21,RL,45,111
PA-13,Brendan F. Boyle,Democrat,6,D0.034666744528134334,0.2089,0.24537222222222224,0.3575832183908045,72,RL,42,154
PA-14,Michael F. Doyle,Democrat,6,D0.034666744528134334,0.2615,0.24537222222222224,0.3575832183908045,123,RL,39,236
PA-15,Charles W. Dent,Republican,6,D0.034666744528134334,0.1998,0.24537222222222224,0.3575832183908045,69,RL,42,154
PA-16,Lloyd Smucker,Republican,6,D0.034666744528134334,0.18469999999999998,0.24537222222222224,0.3575832183908045,54,RL,43,139
PA-17,Matt Cartwright,Democrat,6,D0.034666744528134334,0.1097,0.24537222222222224,0.3575832183908045,8,RL,47,83
PA-18,Matt Cartwright,Democrat,6,D0.034666744528134334,0.2923,0.24537222222222224,0.3575832183908045,171,RL,37,272
RI-1,David N. Cicilline,Democrat,-2,R0.2834591292619792,0.3411,0.4053,0.3575832183908045,230,DA,47,83
RI-2,James R. Langevin,Democrat,-2,R0.2834591292619792,0.46950000000000003,0.4053,0.3575832183908045,347,DA,41,179
SC-1,Mark Sanford,Republican,5,D0.20367282947250795,0.1041,0.31565714285714286,0.3575832183908045,6,RL,55,19
SC-2,Joe Wilson,Republican,5,D0.20367282947250795,0.2633,0.31565714285714286,0.3575832183908045,127,RL,47,83
SC-3,Jeff Duncan,Republican,5,D0.20367282947250795,0.5164,0.31565714285714286,0.3575832183908045,374,RL,34,324
SC-4,Trey Gowdy,Republican,5,D0.20367282947250795,0.4693,0.31565714285714286,0.3575832183908045,346,RL,37,272
SC-5,Ralph Norman,Republican,5,D0.20367282947250795,0.3127,0.31565714285714286,0.3575832183908045,195,RL,44,125
SC-6,James E. Clyburn,Democrat,5,D0.20367282947250795,0.15259999999999999,0.31565714285714286,0.3575832183908045,25,RL,52,38
SC-7,Tom Rice,Republican,5,D0.20367282947250795,0.3912,0.31565714285714286,0.3575832183908045,280,RL,40,209
SD-0,Kristi L. Noem,Republican,1,D0.2820557175793909,1,1,0.3575832183908045,429,null,0,429
TN-1,David P. Roe,Republican,5,D0.2842000577969654,0.2945,0.28938888888888886,0.3575832183908045,178,RL,49,64
TN-2,John J. Duncan Jr.,Republican,5,D0.2842000577969654,0.1931,0.28938888888888886,0.3575832183908045,62,RL,54,26
TN-3,Charles J. "Chuck" Fleischmann,Republican,5,D0.2842000577969654,0.18969999999999998,0.28938888888888886,0.3575832183908045,60,RL,55,19
TN-4,Scott DesJarlais,Republican,5,D0.2842000577969654,0.2271,0.28938888888888886,0.3575832183908045,94,RL,53,32
TN-5,Jim Cooper,Democrat,5,D0.2842000577969654,0.4389,0.28938888888888886,0.3575832183908045,323,RL,42,154
TN-6,Diane Black,Republican,5,D0.2842000577969654,0.3326,0.28938888888888886,0.3575832183908045,219,RL,47,83
TN-7,Marsha Blackburn,Republican,5,D0.2842000577969654,0.2846,0.28938888888888886,0.3575832183908045,162,RL,50,56
TN-8,David Kustoff,Republican,5,D0.2842000577969654,0.3764,0.28938888888888886,0.3575832183908045,263,RL,45,111
TN-9,Steve Cohen,Democrat,5,D0.2842000577969654,0.2676,0.28938888888888886,0.3575832183908045,135,RL,51,46
TX-1,Louie Gohmert,Republican,14,D0.07425646387868388,0.3843,0.32188611111111115,0.3575832183908045,271,RL,35,313
TX-2,Ted Poe,Republican,14,D0.07425646387868388,0.1491,0.32188611111111115,0.3575832183908045,23,RL,47,83
TX-3,Sam Johnson,Republican,14,D0.07425646387868388,0.6247,0.32188611111111115,0.3575832183908045,408,RL,23,410
TX-4,John Ratcliffe,Republican,14,D0.07425646387868388,0.3293,0.32188611111111115,0.3575832183908045,213,RL,38,250
TX-5,Jeb Hensarling,Republican,14,D0.07425646387868388,0.2814,0.32188611111111115,0.3575832183908045,156,RL,40,209
TX-6,Joe Barton,Republican,14,D0.07425646387868388,0.39399999999999996,0.32188611111111115,0.3575832183908045,283,RL,34,324
TX-7,John Abney Culberson,Republican,14,D0.07425646387868388,0.273,0.32188611111111115,0.3575832183908045,142,RL,40,209
TX-8,Kevin Brady,Republican,14,D0.07425646387868388,0.46759999999999996,0.32188611111111115,0.3575832183908045,344,RL,31,355
TX-9,Al Green,Democrat,14,D0.07425646387868388,0.2605,0.32188611111111115,0.3575832183908045,122,RL,41,179
TX-10,Michael T. McCaul,Republican,14,D0.07425646387868388,0.2705,0.32188611111111115,0.3575832183908045,138,RL,40,209
TX-11,K. Michael Conaway,Republican,14,D0.07425646387868388,0.2165,0.32188611111111115,0.3575832183908045,82,RL,43,139
TX-12,Kay Granger,Republican,14,D0.07425646387868388,0.37310000000000004,0.32188611111111115,0.3575832183908045,262,RL,35,313
TX-13,Mac Thornberry,Republican,14,D0.07425646387868388,0.3037,0.32188611111111115,0.3575832183908045,190,RL,39,236
TX-14,Randy K. Weber Sr.,Republican,14,D0.07425646387868388,0.22829999999999998,0.32188611111111115,0.3575832183908045,95,RL,43,139
TX-15,Vicente Gonzalez,Democrat,14,D0.07425646387868388,0.15560000000000002,0.32188611111111115,0.3575832183908045,26,RL,46,98
TX-16,Beto O’Rourke,Democrat,14,D0.07425646387868388,0.6770999999999999,0.32188611111111115,0.3575832183908045,419,RL,20,422
TX-17,Bill Flores,Republican,14,D0.07425646387868388,0.3298,0.32188611111111115,0.3575832183908045,214,RL,38,250
TX-18,Sheila Jackson Lee,Democrat,14,D0.07425646387868388,0.21739999999999998,0.32188611111111115,0.3575832183908045,86,RL,43,139
TX-19,Jodey C. Arrington,Republican,14,D0.07425646387868388,0.2926,0.32188611111111115,0.3575832183908045,173,RL,39,236
TX-20,Joaquin Castro,Democrat,14,D0.07425646387868388,0.3779,0.32188611111111115,0.3575832183908045,267,RL,35,313
TX-21,Lamar Smith,Republican,14,D0.07425646387868388,0.2876,0.32188611111111115,0.3575832183908045,166,RL,40,209
TX-22,Pete Olson,Republican,14,D0.07425646387868388,0.2644,0.32188611111111115,0.3575832183908045,129,RL,41,179
TX-23,Will Hurd,Republican,14,D0.07425646387868388,0.2867,0.32188611111111115,0.3575832183908045,165,RL,40,209
TX-24,Kenny Marchant,Republican,14,D0.07425646387868388,0.4621,0.32188611111111115,0.3575832183908045,340,RL,31,355
TX-25,Roger Williams,Republican,14,D0.07425646387868388,0.2165,0.32188611111111115,0.3575832183908045,82,RL,43,139
TX-26,Michael C. Burgess,Republican,14,D0.07425646387868388,0.6817,0.32188611111111115,0.3575832183908045,420,RL,20,422
TX-27,Blake Farenthold,Republican,14,D0.07425646387868388,0.25920000000000004,0.32188611111111115,0.3575832183908045,120,RL,41,179
TX-28,Henry Cuellar,Democrat,14,D0.07425646387868388,0.1852,0.32188611111111115,0.3575832183908045,55,RL,45,111
TX-29,Gene Green,Democrat,14,D0.07425646387868388,0.2445,0.32188611111111115,0.3575832183908045,108,RL,42,154
TX-30,Eddie Bernice Johnson,Democrat,14,D0.07425646387868388,0.4117,0.32188611111111115,0.3575832183908045,303,RL,33,338
TX-31,John R. Carter,Republican,14,D0.07425646387868388,0.5354,0.32188611111111115,0.3575832183908045,381,RL,27,392
TX-32,Pete Sessions,Republican,14,D0.07425646387868388,0.2978,0.32188611111111115,0.3575832183908045,184,RL,39,236
TX-33,Marc A. Veasey,Democrat,14,D0.07425646387868388,0.16440000000000002,0.32188611111111115,0.3575832183908045,33,RL,46,98
TX-34,Filemon Vela,Democrat,14,D0.07425646387868388,0.16620000000000001,0.32188611111111115,0.3575832183908045,36,RL,46,98
TX-35,Lloyd Doggett,Democrat,14,D0.07425646387868388,0.1204,0.32188611111111115,0.3575832183908045,11,RL,48,74
TX-36,Brian Babin,Republican,14,D0.07425646387868388,0.39770000000000005,0.32188611111111115,0.3575832183908045,288,RL,34,324
UT-1,Rob Bishop,Republican,4,D0.3180450641927794,0.30510000000000004,0.3351,0.3575832183908045,191,RL,51,46
UT-2,Chris Stewart,Republican,4,D0.3180450641927794,0.44670000000000004,0.3351,0.3575832183908045,330,RL,44,125
UT-3,John Curtis,Republican,4,D0.3180450641927794,0.2571,0.3351,0.3575832183908045,118,RL,53,32
UT-4,Mia B. Love,Republican,4,D0.3180450641927794,0.33149999999999996,0.3351,0.3575832183908045,216,RL,49,64
VA-1,Robert J. Wittman,Republican,3,D0.06612307529650113,0.3209,0.27386363636363636,0.3575832183908045,202,RA,37,272
VA-2,Scott Taylor,Republican,3,D0.06612307529650113,0.1362,0.27386363636363636,0.3575832183908045,16,RA,46,98
VA-3,Robert C. "Bobby" Scott,Democrat,3,D0.06612307529650113,0.3766,0.27386363636363636,0.3575832183908045,264,RA,34,324
VA-4,A. Donald McEachin,Democrat,3,D0.06612307529650113,0.2928,0.27386363636363636,0.3575832183908045,174,RA,38,250
VA-5,Thomas A. Garrett Jr.,Republican,3,D0.06612307529650113,0.2173,0.27386363636363636,0.3575832183908045,85,RA,42,154
VA-6,Bob Goodlatte,Republican,3,D0.06612307529650113,0.24710000000000001,0.27386363636363636,0.3575832183908045,111,RA,41,179
VA-7,Dave Brat,Republican,3,D0.06612307529650113,0.2967,0.27386363636363636,0.3575832183908045,181,RA,38,250
VA-8,Donald S. Beyer Jr.,Democrat,3,D0.06612307529650113,0.5582,0.27386363636363636,0.3575832183908045,389,RA,25,399
VA-9,H. Morgan Griffith,Republican,3,D0.06612307529650113,0.21350000000000002,0.27386363636363636,0.3575832183908045,79,RA,42,154
VA-10,Barbara Comstock,Republican,3,D0.06612307529650113,0.1881,0.27386363636363636,0.3575832183908045,58,RA,44,125
VA-11,Gerald E. Connolly,Democrat,3,D0.06612307529650113,0.16510000000000002,0.27386363636363636,0.3575832183908045,34,RA,45,111
VT-0,Peter Welch,Democrat,-1,NNaN,1,1,0.3575832183908045,429,null,0,429
WA-1,Suzan K. DelBene,Democrat,-2,R0.07203551466970362,0.36729999999999996,0.36661,0.3575832183908045,256,II,36,293
WA-2,Rick Larsen,Democrat,-2,R0.07203551466970362,0.2683,0.36661,0.3575832183908045,136,II,41,179
WA-3,Jaime Herrera Beutler,Republican,-2,R0.07203551466970362,0.2816,0.36661,0.3575832183908045,157,II,40,209
WA-4,Dan Newhouse,Republican,-2,R0.07203551466970362,0.267,0.36661,0.3575832183908045,133,II,41,179
WA-5,Cathy McMorris Rodgers,Republican,-2,R0.07203551466970362,0.45270000000000005,0.36661,0.3575832183908045,334,II,31,355
WA-6,Derek Kilmer,Democrat,-2,R0.07203551466970362,0.5079,0.36661,0.3575832183908045,370,II,29,378
WA-7,Pramila Jayapal,Democrat,-2,R0.07203551466970362,0.4935,0.36661,0.3575832183908045,365,II,29,378
WA-8,David G. Reichert,Republican,-2,R0.07203551466970362,0.27649999999999997,0.36661,0.3575832183908045,148,II,40,209
WA-9,Adam Smith,Democrat,-2,R0.07203551466970362,0.39899999999999997,0.36661,0.3575832183908045,289,II,34,324
WA-10,Denny Heck,Democrat,-2,R0.07203551466970362,0.35229999999999995,0.36661,0.3575832183908045,243,II,36,293
WI-1,Paul D. Ryan,Republican,2,D0.044487560468548314,0.4838,0.3324375,0.3575832183908045,358,RL,28,384
WI-2,Mark Pocan,Democrat,2,D0.044487560468548314,0.4924,0.3324375,0.3575832183908045,364,RL,27,392
WI-3,Ron Kind,Democrat,2,D0.044487560468548314,0.2024,0.3324375,0.3575832183908045,70,RL,42,154
WI-4,Gwen Moore,Democrat,2,D0.044487560468548314,0.2853,0.3324375,0.3575832183908045,164,RL,38,250
WI-5,F. James Sensenbrenner Jr.,Republican,2,D0.044487560468548314,0.4282,0.3324375,0.3575832183908045,317,RL,31,355
WI-6,Glenn Grothman,Republican,2,D0.044487560468548314,0.25489999999999996,0.3324375,0.3575832183908045,116,RL,39,236
WI-7,Sean P. Duffy,Republican,2,D0.044487560468548314,0.2879,0.3324375,0.3575832183908045,167,RL,38,250
WI-8,Mike Gallagher,Republican,2,D0.044487560468548314,0.22460000000000002,0.3324375,0.3575832183908045,91,RL,41,179
WV-1,David B. McKinley,Republican,3,D0.3213642039254082,0.1861,0.20179999999999998,0.3575832183908045,56,DL,57,11
WV-2,Alexander X. Mooney,Republican,3,D0.3213642039254082,0.14029999999999998,0.20179999999999998,0.3575832183908045,18,DL,59,7
WV-3,Evan H. Jenkins,Republican,3,D0.3213642039254082,0.27899999999999997,0.20179999999999998,0.3575832183908045,152,DL,52,38
WY-0,Liz Cheney,Republican,1,D0.3118769031021531,1,1,0.3575832183908045,429,null,0,429
